EMD_CD,EMD_NM
11110102,신교동
11110104,효자동
11110107,적선동
11110109,누상동
11110111,옥인동
11110114,내자동
11110115,사직동
11110116,도렴동
11110117,당주동
11110118,내수동
11110119,세종로
11110120,신문로1가
11110121,신문로2가
11110122,청진동
11110123,서린동
11110124,수송동
11110125,중학동
11110126,종로1가
11110127,공평동
11110128,관훈동
11110130,와룡동
11110132,운니동
11110136,인사동
11110137,낙원동
11110142,소격동
11110146,가회동
11110148,계동
11110150,훈정동
11110153,돈의동
11110157,인의동
11110160,연지동
11110164,종로6가
11110165,이화동
11110166,연건동
11110168,동숭동
11110170,명륜1가
11110171,명륜2가
11110173,명륜3가
11110174,창신동
11110175,숭인동
11110177,평동
11110181,행촌동
11110182,구기동
11110183,평창동
11110184,부암동
11110186,신영동
11110187,무악동
11140101,무교동
11140102,다동
11140103,태평로1가
11140104,을지로1가
11140105,을지로2가
11140107,삼각동
11140108,수하동
11140109,장교동
11140110,수표동
11140111,소공동
11140112,남창동
11140113,북창동
11140114,태평로2가
11140115,남대문로2가
11140117,남대문로4가
11140118,남대문로5가
11140119,봉래동1가
11140121,회현동1가
11140122,회현동2가
11140124,충무로1가
11140125,충무로2가
11140126,명동1가
11140130,남산동3가
11140131,저동1가
11140132,충무로4가
11140133,충무로5가
11140134,인현동2가
11140138,필동2가
11140139,필동3가
11140140,남학동
11140142,예장동
11140143,장충동1가
11140144,장충동2가
11140145,광희동1가
11140147,쌍림동
11140148,을지로6가
11140149,을지로7가
11140150,을지로4가
11140151,을지로5가
11140153,방산동
11140154,오장동
11140158,충무로3가
11140159,초동
11140162,신당동
11140163,흥인동
11140164,무학동
11140165,황학동
11140166,서소문동
11140167,정동
11140168,순화동
11140169,의주로1가
11140171,중림동
11140173,만리동1가
11140174,만리동2가
11170101,후암동
11170102,용산동2가
11170104,갈월동
11170106,용산동1가
11170107,동자동
11170110,청파동2가
11170111,청파동3가
11170112,원효로1가
11170113,원효로2가
11170114,신창동
11170115,산천동
11170116,청암동
11170117,원효로3가
11170118,원효로4가
11170119,효창동
11170120,도원동
11170122,문배동
11170123,신계동
11170124,한강로1가
11170125,한강로2가
11170126,용산동3가
11170127,용산동5가
11170128,한강로3가
11170129,이촌동
11170130,이태원동
11170131,한남동
11170132,동빙고동
11170133,서빙고동
11170135,용산동6가
11170136,보광동
11200101,상왕십리동
11200102,하왕십리동
11200103,홍익동
11200104,도선동
11200105,마장동
11200106,사근동
11200107,행당동
11200108,응봉동
11200109,금호동1가
11200110,금호동2가
11200112,금호동4가
11200113,옥수동
11200114,성수동1가
11200115,성수동2가
11200118,송정동
11200122,용답동
11215101,중곡동
11215102,능동
11215103,구의동
11215104,광장동
11215105,자양동
11215107,화양동
11215109,군자동
11230101,신설동
11230102,용두동
11230103,제기동
11230104,전농동
11230105,답십리동
11230106,장안동
11230107,청량리동
11230108,회기동
11230109,휘경동
11230110,이문동
11260101,면목동
11260102,상봉동
11260103,중화동
11260104,묵동
11260105,망우동
11260106,신내동
11290101,성북동
11290103,돈암동
11290107,동소문동4가
11290108,동소문동5가
11290109,동소문동6가
11290110,동소문동7가
11290111,삼선동1가
11290112,삼선동2가
11290113,삼선동3가
11290114,삼선동4가
11290116,동선동1가
11290117,동선동2가
11290123,안암동3가
11290125,안암동5가
11290126,보문동4가
11290128,보문동6가
11290129,보문동7가
11290130,보문동1가
11290133,정릉동
11290134,길음동
11290135,종암동
11290136,하월곡동
11290137,상월곡동
11290138,장위동
11290139,석관동
11305101,미아동
11305102,번동
11305103,수유동
11305104,우이동
11320105,쌍문동
11320106,방학동
11320107,창동
11320108,도봉동
11350102,월계동
11350103,공릉동
11350104,하계동
11350105,상계동
11350106,중계동
11380101,수색동
11380102,녹번동
11380103,불광동
11380104,갈현동
11380105,구산동
11380106,대조동
11380107,응암동
11380108,역촌동
11380109,신사동
11380110,증산동
11380114,진관동
11410101,충정로2가
11410102,충정로3가
11410103,합동
11410104,미근동
11410105,냉천동
11410108,영천동
11410109,현저동
11410110,북아현동
11410111,홍제동
11410112,대현동
11410113,대신동
11410114,신촌동
11410116,창천동
11410117,연희동
11410118,홍은동
11410119,북가좌동
11410120,남가좌동
11440101,아현동
11440102,공덕동
11440103,신공덕동
11440104,도화동
11440105,용강동
11440106,토정동
11440107,마포동
11440108,대흥동
11440109,염리동
11440110,노고산동
11440111,신수동
11440112,현석동
11440114,창전동
11440115,상수동
11440118,당인동
11440120,서교동
11440121,동교동
11440122,합정동
11440123,망원동
11440124,연남동
11440125,성산동
11440126,중동
11440127,상암동
11470101,신정동
11470102,목동
11470103,신월동
11500101,염창동
11500102,등촌동
11500103,화곡동
11500104,가양동
11500105,마곡동
11500106,내발산동
11500107,외발산동
11500108,공항동
11500109,방화동
11500110,개화동
11500111,과해동
11500112,오곡동
11500113,오쇠동
11530101,신도림동
11530102,구로동
11530103,가리봉동
11530106,고척동
11530107,개봉동
11530108,오류동
11530109,궁동
11530110,온수동
11530111,천왕동
11530112,항동
11545101,가산동
11545102,독산동
11545103,시흥동
11560101,영등포동
11560102,영등포동1가
11560103,영등포동2가
11560105,영등포동4가
11560106,영등포동5가
11560107,영등포동6가
11560108,영등포동7가
11560109,영등포동8가
11560110,여의도동
11560111,당산동1가
11560112,당산동2가
11560113,당산동3가
11560114,당산동4가
11560115,당산동5가
11560116,당산동6가
11560117,당산동
11560118,도림동
11560119,문래동1가
11560120,문래동2가
11560121,문래동3가
11560122,문래동4가
11560123,문래동5가
11560124,문래동6가
11560125,양평동1가
11560126,양평동2가
11560127,양평동3가
11560128,양평동4가
11560129,양평동5가
11560130,양평동6가
11560132,신길동
11560133,대림동
11590101,노량진동
11590102,상도동
11590104,본동
11590105,흑석동
11590106,동작동
11590107,사당동
11590108,대방동
11590109,신대방동
11620101,봉천동
11620102,신림동
11620103,남현동
11650101,방배동
11650102,양재동
11650103,우면동
11650104,원지동
11650106,잠원동
11650107,반포동
11650108,서초동
11650109,내곡동
11650110,염곡동
11650111,신원동
11680101,역삼동
11680103,개포동
11680104,청담동
11680105,삼성동
11680106,대치동
11680107,신사동
11680108,논현동
11680110,압구정동
11680111,세곡동
11680112,자곡동
11680113,율현동
11680114,일원동
11680115,수서동
11680118,도곡동
11710101,잠실동
11710102,신천동
11710103,풍납동
11710104,송파동
11710105,석촌동
11710106,삼전동
11710107,가락동
11710108,문정동
11710109,장지동
11710111,방이동
11710112,오금동
11710113,거여동
11710114,마천동
11740101,명일동
11740102,고덕동
11740103,상일동
11740105,길동
11740106,둔촌동
11740107,암사동
11740108,성내동
11740109,천호동
11740110,강일동
26110101,영주동
26110105,중앙동2가
26110107,중앙동4가
26110108,중앙동5가
26110109,중앙동6가
26110110,중앙동7가
26110112,동광동2가
26110113,동광동3가
26110116,대청동1가
26110117,대청동2가
26110119,대청동4가
26110120,보수동1가
26110124,부평동2가
26110131,창선동1가
26110134,광복동2가
26110141,남포동6가
26140101,동대신동1가
26140102,동대신동2가
26140103,동대신동3가
26140104,서대신동1가
26140105,서대신동2가
26140106,서대신동3가
26140111,부민동3가
26140112,토성동1가
26140114,토성동3가
26140115,아미동1가
26140116,아미동2가
26140117,토성동4가
26140123,남부민동
26140124,암남동
26170101,초량동
26170102,수정동
26170103,좌천동
26170104,범일동
26200101,대교동1가
26200105,남항동1가
26200106,남항동2가
26200107,남항동3가
26200108,영선동1가
26200109,영선동2가
26200111,영선동4가
26200114,신선동3가
26200117,봉래동3가
26200118,봉래동4가
26200120,청학동
26200121,동삼동
26230101,양정동
26230102,전포동
26230103,부전동
26230104,범천동
26230105,범전동
26230106,연지동
26230107,초읍동
26230108,부암동
26230109,당감동
26230110,가야동
26230111,개금동
26260101,명장동
26260102,안락동
26260104,낙민동
26260106,수안동
26260107,명륜동
26260108,온천동
26260109,사직동
26290106,대연동
26290107,용호동
26290108,용당동
26290109,문현동
26290110,우암동
26290111,감만동
26320101,금곡동
26320102,화명동
26320103,만덕동
26320104,덕천동
26320105,구포동
26350101,반송동
26350102,석대동
26350103,반여동
26350104,재송동
26350105,우동
26350106,중동
26350107,좌동
26350108,송정동
26380101,괴정동
26380102,당리동
26380103,하단동
26380104,신평동
26380105,장림동
26380106,다대동
26380107,구평동
26380108,감천동
26410101,두구동
26410102,노포동
26410103,청룡동
26410104,남산동
26410107,구서동
26410108,장전동
26410109,부곡동
26410110,서동
26410111,금사동
26410112,회동동
26410113,금성동
26440101,대저1동
26440102,대저2동
26440103,강동동
26440104,명지동
26440108,봉림동
26440109,송정동
26440110,화전동
26440111,녹산동
26440112,생곡동
26440113,구랑동
26440114,지사동
26440115,미음동
26440116,범방동
26440117,신호동
26440119,성북동
26440121,천성동
26470101,거제동
26470102,연산동
26500101,망미동
26500102,수영동
26500103,민락동
26500104,광안동
26500105,남천동
26530101,삼락동
26530102,모라동
26530103,덕포동
26530104,괘법동
26530105,감전동
26530106,주례동
26530107,학장동
26530108,엄궁동
26710250,기장읍
26710253,장안읍
26710256,정관읍
26710259,일광읍
26710330,철마면
27110101,동인동1가
27110102,동인동2가
27110104,동인동4가
27110105,삼덕동1가
27110106,삼덕동2가
27110107,삼덕동3가
27110108,봉산동
27110112,덕산동
27110113,종로1가
27110115,사일동
27110116,동일동
27110117,남일동
27110118,전동
27110119,동성로3가
27110120,동문동
27110122,공평동
27110123,동성로2가
27110124,태평로1가
27110130,수창동
27110131,태평로3가
27110139,계산동2가
27110140,동산동
27110141,서문로2가
27110143,포정동
27110150,북성로1가
27110154,대신동
27110155,달성동
27110156,남산동
27110157,대봉동
27140101,신암동
27140102,신천동
27140103,효목동
27140104,평광동
27140105,봉무동
27140106,불로동
27140107,도동
27140108,지저동
27140109,입석동
27140110,검사동
27140111,방촌동
27140112,둔산동
27140113,부동
27140114,신평동
27140115,서호동
27140116,동호동
27140117,신기동
27140118,율하동
27140119,용계동
27140120,율암동
27140121,상매동
27140123,각산동
27140124,신서동
27140125,동내동
27140126,괴전동
27140128,대림동
27140129,사복동
27140130,숙천동
27140133,진인동
27140134,도학동
27140137,용수동
27140138,신무동
27140139,미대동
27140142,중대동
27140143,송정동
27140144,덕곡동
27140145,지묘동
27170101,내당동
27170102,비산동
27170103,평리동
27170104,상리동
27170105,중리동
27170106,이현동
27170109,원대동3가
27200101,이천동
27200102,봉덕동
27200103,대명동
27230101,칠성동1가
27230102,칠성동2가
27230105,고성동3가
27230106,침산동
27230107,노원동1가
27230108,노원동2가
27230109,노원동3가
27230110,대현동
27230111,산격동
27230112,복현동
27230113,검단동
27230114,동변동
27230115,서변동
27230118,읍내동
27230119,동호동
27230120,학정동
27230122,국우동
27230123,구암동
27230124,동천동
27230125,관음동
27230126,태전동
27230127,매천동
27230128,팔달동
27230129,금호동
27230130,사수동
27230131,연경동
27260101,범어동
27260102,만촌동
27260103,수성동1가
27260104,수성동2가
27260105,수성동3가
27260106,수성동4가
27260107,황금동
27260108,중동
27260109,상동
27260110,파동
27260111,두산동
27260112,지산동
27260113,범물동
27260114,시지동
27260115,매호동
27260117,사월동
27260118,신매동
27260119,욱수동
27260120,노변동
27260122,삼덕동
27260125,고모동
27260127,대흥동
27290101,성당동
27290102,두류동
27290104,파호동
27290105,호림동
27290106,갈산동
27290107,신당동
27290108,이곡동
27290109,장동
27290110,장기동
27290111,용산동
27290112,죽전동
27290113,감삼동
27290114,본리동
27290115,상인동
27290116,도원동
27290117,진천동
27290118,유천동
27290119,대천동
27290120,월성동
27290121,월암동
27290122,송현동
27290123,대곡동
27290124,본동
27290125,호산동
27710250,화원읍
27710253,논공읍
27710256,다사읍
27710259,유가읍
27710262,옥포읍
27710265,현풍읍
27710310,가창면
27710330,하빈면
27710380,구지면
27720250,군위읍
27720310,소보면
27720320,효령면
27720330,부계면
27720340,우보면
27720350,의흥면
27720360,산성면
27720370,삼국유사면
28110109,관동1가
28110114,항동3가
28110118,항동7가
28110119,송학동1가
28110123,신생동
28110126,신흥동1가
28110127,신흥동2가
28110128,신흥동3가
28110132,도원동
28110134,경동
28110136,인현동
28110137,전동
28110138,북성동1가
28110139,북성동2가
28110143,송월동2가
28110145,중산동
28110146,운남동
28110147,운서동
28110148,운북동
28110149,을왕동
28110150,남북동
28110152,무의동
28140101,만석동
28140102,화수동
28140103,송현동
28140105,창영동
28140106,금곡동
28140107,송림동
28177101,숭의동
28177102,용현동
28177103,학익동
28177104,도화동
28177105,주안동
28177106,관교동
28177107,문학동
28185101,옥련동
28185102,선학동
28185103,연수동
28185104,청학동
28185105,동춘동
28185106,송도동
28200101,구월동
28200102,간석동
28200103,만수동
28200104,장수동
28200105,서창동
28200106,운연동
28200107,남촌동
28200108,수산동
28200109,도림동
28200110,논현동
28200111,고잔동
28237101,부평동
28237102,십정동
28237103,산곡동
28237104,청천동
28237105,삼산동
28237106,갈산동
28237107,부개동
28237108,일신동
28237109,구산동
28245101,효성동
28245102,계산동
28245103,작전동
28245104,서운동
28245105,임학동
28245106,용종동
28245107,병방동
28245108,방축동
28245109,박촌동
28245110,동양동
28245111,귤현동
28245117,이화동
28245123,장기동
28260101,백석동
28260102,시천동
28260103,검암동
28260104,경서동
28260105,공촌동
28260106,연희동
28260107,심곡동
28260108,가정동
28260109,신현동
28260110,석남동
28260111,원창동
28260112,가좌동
28260113,마전동
28260114,당하동
28260115,원당동
28260118,금곡동
28260119,오류동
28260120,왕길동
28260121,불로동
28260122,청라동
28710250,강화읍
28710310,선원면
28710320,불은면
28710330,길상면
28710340,화도면
28710350,양도면
28710360,내가면
28710370,하점면
28710380,양사면
28710390,송해면
28710400,교동면
28710410,삼산면
28720360,영흥면
28720370,자월면
29110101,대인동
29110102,금남로5가
29110103,충장로5가
29110104,수기동
29110105,대의동
29110106,궁동
29110108,동명동
29110109,계림동
29110110,산수동
29110111,지산동
29110113,광산동
29110116,불로동
29110118,서석동
29110119,소태동
29110121,운림동
29110122,학동
29110125,내남동
29110126,용산동
29110130,충장로4가
29110132,금남로2가
29110133,금남로3가
29110134,금남로4가
29140104,양동
29140106,농성동
29140115,광천동
29140116,유촌동
29140117,덕흥동
29140118,쌍촌동
29140119,화정동
29140120,치평동
29140121,내방동
29140126,세하동
29140128,풍암동
29140129,벽진동
29140130,금호동
29140131,마륵동
29140132,매월동
29140133,동천동
29155101,사동
29155102,구동
29155103,서동
29155104,월산동
29155105,백운동
29155106,주월동
29155107,노대동
29155108,진월동
29155109,덕남동
29155110,행암동
29155111,임암동
29155112,송하동
29155113,양림동
29155114,방림동
29155115,봉선동
29155120,지석동
29155121,압촌동
29155130,월성동
29170101,중흥동
29170102,유동
29170103,누문동
29170104,북동
29170105,임동
29170106,신안동
29170107,용봉동
29170108,동림동
29170109,운암동
29170110,우산동
29170111,풍향동
29170112,문흥동
29170113,각화동
29170114,두암동
29170115,오치동
29170116,삼각동
29170117,매곡동
29170118,충효동
29170121,망월동
29170124,장등동
29170125,운정동
29170126,본촌동
29170127,일곡동
29170128,양산동
29170129,연제동
29170130,신용동
29170131,용두동
29170132,지야동
29170134,수곡동
29170136,용전동
29170138,생용동
29170139,월출동
29170140,대촌동
29170141,오룡동
29200101,송정동
29200102,도산동
29200104,신촌동
29200105,서봉동
29200106,운수동
29200107,선암동
29200108,소촌동
29200109,우산동
29200110,황룡동
29200112,비아동
29200113,도천동
29200114,수완동
29200115,월계동
29200116,쌍암동
29200117,산월동
29200118,신창동
29200119,신가동
29200120,운남동
29200121,안청동
29200123,장덕동
29200124,흑석동
29200125,하남동
29200126,장수동
29200127,산정동
29200128,월곡동
29200131,고룡동
29200134,임곡동
29200138,하산동
29200143,복룡동
29200145,옥동
29200146,월전동
29200147,장록동
29200148,송촌동
29200149,지죽동
29200150,용동
29200151,용곡동
29200155,연산동
29200156,도덕동
29200160,삼거동
29200167,남산동
29200168,송치동
29200202,오선동
30110101,원동
30110102,인동
30110103,효동
30110105,가오동
30110106,신흥동
30110107,판암동
30110108,삼정동
30110109,용운동
30110110,대동
30110111,자양동
30110112,신안동
30110113,소제동
30110114,가양동
30110115,용전동
30110116,성남동
30110117,홍도동
30110118,삼성동
30110119,정동
30110120,중동
30110121,추동
30110122,비룡동
30110130,신하동
30110136,낭월동
30110137,대별동
30110139,대성동
30110142,구도동
30110144,상소동
30110145,하소동
30140101,은행동
30140102,선화동
30140103,목동
30140104,중촌동
30140105,대흥동
30140106,문창동
30140107,석교동
30140109,옥계동
30140110,대사동
30140111,부사동
30140112,용두동
30140113,오류동
30140114,태평동
30140115,유천동
30140116,문화동
30140117,산성동
30140118,사정동
30140119,안영동
30140122,침산동
30170101,복수동
30170102,변동
30170103,도마동
30170104,정림동
30170105,용문동
30170106,탄방동
30170108,괴정동
30170109,가장동
30170110,내동
30170111,갈마동
30170112,둔산동
30170113,월평동
30170114,가수원동
30170115,도안동
30170116,관저동
30170117,흑석동
30170120,장안동
30170122,오동
30170127,괴곡동
30170128,만년동
30200101,원내동
30200102,교촌동
30200103,대정동
30200104,용계동
30200105,학하동
30200106,계산동
30200107,성북동
30200111,봉명동
30200112,구암동
30200113,덕명동
30200114,원신흥동
30200115,상대동
30200116,복용동
30200117,장대동
30200118,갑동
30200119,노은동
30200120,지족동
30200121,죽동
30200122,궁동
30200123,어은동
30200124,구성동
30200125,신성동
30200126,가정동
30200127,도룡동
30200128,장동
30200129,방현동
30200130,화암동
30200131,덕진동
30200132,하기동
30200135,신봉동
30200136,수남동
30200137,안산동
30200138,외삼동
30200139,반석동
30200140,문지동
30200141,전민동
30200142,원촌동
30200143,탑립동
30200144,용산동
30200145,봉산동
30200146,관평동
30200147,송강동
30200148,금고동
30200151,신동
30200152,둔곡동
30230101,오정동
30230102,대화동
30230103,읍내동
30230104,연축동
30230105,신대동
30230106,와동
30230107,송촌동
30230108,법동
30230109,중리동
30230110,비래동
30230111,석봉동
30230112,목상동
30230113,문평동
30230114,신일동
30230115,덕암동
30230116,상서동
30230117,평촌동
30230118,장동
30230119,용호동
30230125,미호동
30230126,신탄진동
31110101,학성동
31110102,학산동
31110103,복산동
31110104,북정동
31110105,옥교동
31110106,성남동
31110107,교동
31110108,우정동
31110109,성안동
31110110,유곡동
31110111,태화동
31110112,다운동
31110113,동동
31110114,서동
31110115,남외동
31110116,장현동
31110117,약사동
31110118,반구동
31140101,무거동
31140102,옥동
31140103,두왕동
31140104,신정동
31140105,달동
31140106,삼산동
31140107,여천동
31140108,야음동
31140109,선암동
31140110,상개동
31140115,용연동
31140117,용잠동
31140118,장생포동
31140119,매암동
31170101,방어동
31170102,화정동
31170103,일산동
31170104,전하동
31170107,동부동
31170108,서부동
31200101,창평동
31200102,호계동
31200103,매곡동
31200105,신천동
31200106,중산동
31200107,상안동
31200108,천곡동
31200109,달천동
31200112,구유동
31200113,정자동
31200114,신명동
31200115,대안동
31200116,당사동
31200117,신현동
31200118,산하동
31200119,어물동
31200120,명촌동
31200121,진장동
31200122,연암동
31200123,효문동
31200124,양정동
31200125,화봉동
31200126,송정동
31200127,염포동
31710250,온산읍
31710253,언양읍
31710256,온양읍
31710259,범서읍
31710262,청량읍
31710265,삼남읍
31710310,서생면
31710340,웅촌면
31710360,두동면
31710370,두서면
31710380,상북면
31710400,삼동면
36110101,850
36110102,521-1
36110103,718
36110104,674
36110105,970
36110106,961
36110107,727
36110108,576
36110109,929
36110110,648
36110111,673
36110112,1390
36110113,1286
36110114,632
36110115,645
36110116,산
36110118,579-38
36110119,1201
36110250,침산리
36110310,연기리
36110320,명학리
36110330,부강리
36110340,발산리
36110350,금암리
36110360,부동리
36110370,양곡리
36110380,청람리
36110390,소정리
41111129,장안구
41111130,장안구
41111131,장안구
41111132,장안구
41111133,장안구
41111134,장안구
41111135,장안구
41111136,장안구
41111137,장안구
41111139,장안구
41113126,권선구
41113127,권선구
41113128,권선구
41113129,권선구
41113131,권선구
41113132,권선구
41113133,권선구
41113134,권선구
41113135,권선구
41113136,권선구
41113137,권선구
41113138,권선구
41113139,권선구
41113140,권선구
41113141,권선구
41115121,팔달구
41115123,팔달구
41115127,팔달구
41115128,팔달구
41115130,팔달구
41115132,팔달구
41115133,팔달구
41115134,팔달구
41115135,팔달구
41115136,팔달구
41115137,팔달구
41115138,팔달구
41115139,팔달구
41115140,팔달구
41115141,팔달구
41117101,영통구
41117102,영통구
41117103,영통구
41117104,영통구
41117105,영통구
41117106,영통구
41117107,영통구
41131101,수정구
41131102,수정구
41131103,수정구
41131104,수정구
41131105,수정구
41131106,수정구
41131107,수정구
41131108,수정구
41131109,수정구
41131110,수정구
41131111,수정구
41131112,수정구
41131115,수정구
41131116,수정구
41131117,수정구
41133101,중원구
41133103,중원구
41133104,중원구
41133105,중원구
41133106,중원구
41133107,중원구
41133108,중원구
41133109,중원구
41133132,중원구
41135101,분당구
41135102,분당구
41135103,분당구
41135104,분당구
41135105,분당구
41135106,분당구
41135107,분당구
41135108,분당구
41135109,분당구
41135110,분당구
41135111,분당구
41135112,분당구
41135114,분당구
41135115,분당구
41135116,분당구
41135118,분당구
41150101,의정부동
41150102,호원동
41150103,장암동
41150104,신곡동
41150105,용현동
41150106,민락동
41150107,낙양동
41150108,자일동
41150109,금오동
41150110,가능동
41150111,녹양동
41150112,고산동
41150113,산곡동
41171101,만안구
41171102,만안구
41171103,만안구
41173101,동안구
41173102,동안구
41173103,동안구
41173104,동안구
41192101,원미구
41192102,원미구
41192103,원미구
41192104,원미구
41192105,원미구
41192106,원미구
41192107,원미구
41192108,원미구
41192109,원미구
41194101,소사구
41194102,소사구
41194103,소사구
41194104,소사구
41194105,소사구
41194106,소사구
41194107,소사구
41196101,오정구
41196102,오정구
41196103,오정구
41196104,오정구
41196105,오정구
41196106,오정구
41196107,오정구
41196108,오정구
41210101,광명동
41210102,철산동
41210103,하안동
41210104,소하동
41210105,노온사동
41210106,일직동
41210107,가학동
41220101,서정동
41220102,장당동
41220105,칠원동
41220106,도일동
41220107,가재동
41220108,장안동
41220109,이충동
41220110,지산동
41220111,독곡동
41220112,신장동
41220113,평택동
41220114,통복동
41220115,군문동
41220117,합정동
41220118,비전동
41220119,동삭동
41220120,세교동
41220121,지제동
41220122,신대동
41220123,소사동
41220124,용이동
41220127,죽백동
41220128,고덕동
41220250,팽성읍
41220253,안중읍
41220256,포승읍
41220259,청북읍
41220310,진위면
41220320,서탄면
41220330,고덕면
41220340,오성면
41220370,현덕면
41250101,송내동
41250102,지행동
41250103,생연동
41250106,보산동
41250107,동두천동
41250108,안흥동
41250109,상봉암동
41250110,하봉암동
41250111,탑동동
41250112,상패동
41271101,상록구
41271102,상록구
41271103,상록구
41271104,상록구
41271105,상록구
41271107,상록구
41271108,상록구
41271109,상록구
41271110,상록구
41271111,상록구
41271112,상록구
41271113,상록구
41271115,상록구
41273101,단원구
41273102,단원구
41273103,단원구
41273104,단원구
41273105,단원구
41273106,단원구
41273107,단원구
41273108,단원구
41273109,단원구
41273110,단원구
41273111,-
41273112,단원구
41273113,단원구
41281101,덕양구
41281102,덕양구
41281103,덕양구
41281104,덕양구
41281105,덕양구
41281106,덕양구
41281107,덕양구
41281108,덕양구
41281109,덕양구
41281110,덕양구
41281111,덕양구
41281112,덕양구
41281113,덕양구
41281114,덕양구
41281116,덕양구
41281117,덕양구
41281118,덕양구
41281119,덕양구
41281120,덕양구
41281121,덕양구
41281122,덕양구
41281123,덕양구
41281124,덕양구
41281125,덕양구
41281126,덕양구
41281128,덕양구
41281129,덕양구
41281130,덕양구
41281131,덕양구
41281132,덕양구
41285101,일산동구
41285102,일산동구
41285103,일산동구
41285104,일산동구
41285105,일산동구
41285106,일산동구
41285107,일산동구
41285109,일산동구
41285111,일산동구
41285112,일산동구
41285113,일산동구
41287101,일산서구
41287102,일산서구
41287103,일산서구
41287104,일산서구
41287105,일산서구
41287106,일산서구
41287108,일산서구
41290101,관문동
41290102,문원동
41290103,갈현동
41290104,막계동
41290105,과천동
41290106,주암동
41290107,중앙동
41290108,원문동
41290109,별양동
41290110,부림동
41310101,갈매동
41310102,사노동
41310103,인창동
41310104,교문동
41310105,수택동
41310107,토평동
41360101,호평동
41360102,평내동
41360103,금곡동
41360104,일패동
41360105,이패동
41360106,삼패동
41360108,수석동
41360111,별내동
41360112,다산동
41360250,와부읍
41360253,진접읍
41360256,화도읍
41360259,진건읍
41360262,오남읍
41360265,퇴계원읍
41360310,별내면
41360340,수동면
41360360,조안면
41370101,오산동
41370102,부산동
41370103,원동
41370104,궐동
41370105,청학동
41370107,금암동
41370108,수청동
41370109,은계동
41370110,내삼미동
41370111,외삼미동
41370112,양산동
41370113,세교동
41370114,지곶동
41370116,서동
41370117,벌음동
41370118,두곡동
41370121,가수동
41370122,고현동
41370123,청호동
41370124,갈곶동
41390101,대야동
41390102,신천동
41390104,포동
41390105,미산동
41390106,은행동
41390108,매화동
41390109,도창동
41390110,금이동
41390112,과림동
41390118,능곡동
41390119,하중동
41390120,하상동
41390121,광석동
41390123,산현동
41390124,조남동
41390125,논곡동
41390126,목감동
41390127,거모동
41390128,군자동
41390129,장현동
41390130,장곡동
41390131,월곶동
41390132,정왕동
41390135,배곧동
41410101,당동
41410102,당정동
41410103,부곡동
41410104,산본동
41410105,금정동
41410108,대야미동
41410109,도마교동
41430101,고천동
41430102,이동
41430103,삼동
41430104,왕곡동
41430105,오전동
41430106,학의동
41430107,내손동
41430108,청계동
41430109,포일동
41430110,월암동
41430111,초평동
41450101,천현동
41450102,하산곡동
41450103,창우동
41450106,신장동
41450108,덕풍동
41450109,망월동
41450110,풍산동
41450112,선동
41450113,감북동
41450114,감일동
41450115,감이동
41450116,학암동
41450118,춘궁동
41450123,초이동
41450124,광암동
41461101,처인구
41461102,처인구
41461103,처인구
41461104,처인구
41461105,처인구
41461106,처인구
41461107,처인구
41461108,처인구
41461110,처인구
41461250,처인구
41461253,처인구
41461256,처인구
41461259,처인구
41461340,처인구
41461350,처인구
41461360,처인구
41463101,기흥구
41463102,기흥구
41463103,기흥구
41463104,기흥구
41463105,기흥구
41463106,기흥구
41463107,기흥구
41463108,기흥구
41463109,기흥구
41463110,기흥구
41463111,기흥구
41463112,기흥구
41463113,기흥구
41463114,기흥구
41463115,기흥구
41463116,기흥구
41463117,기흥구
41463118,기흥구
41465101,수지구
41465102,수지구
41465103,수지구
41465104,수지구
41465105,수지구
41465106,수지구
41465107,수지구
41480101,금촌동
41480102,아동동
41480104,야동동
41480105,검산동
41480106,맥금동
41480107,교하동
41480108,야당동
41480109,다율동
41480110,오도동
41480111,상지석동
41480112,산남동
41480113,동패동
41480114,당하동
41480115,문발동
41480116,송촌동
41480117,목동동
41480118,하지석동
41480120,신촌동
41480122,와동동
41480123,금릉동
41480250,문산읍
41480253,파주읍
41480256,법원읍
41480262,조리읍
41480310,월롱면
41480320,탄현면
41480350,광탄면
41480360,파평면
41480370,적성면
41500101,창전동
41500102,관고동
41500103,중리동
41500104,증일동
41500105,율현동
41500107,안흥동
41500108,갈산동
41500109,증포동
41500110,송정동
41500111,사음동
41500113,대포동
41500114,고담동
41500250,장호원읍
41500253,부발읍
41500310,신둔면
41500320,백사면
41500330,호법면
41500340,마장면
41500350,대월면
41500360,모가면
41500370,설성면
41500380,율면
41550101,봉산동
41550103,영동
41550106,동본동
41550110,창전동
41550113,인지동
41550114,금산동
41550115,연지동
41550116,대천동
41550117,서인동
41550118,석정동
41550121,계동
41550122,옥산동
41550124,도기동
41550125,당왕동
41550126,가사동
41550127,가현동
41550129,신소현동
41550131,현수동
41550250,공도읍
41550310,보개면
41550320,금광면
41550330,서운면
41550340,미양면
41550350,대덕면
41550360,양성면
41550380,원곡면
41550390,일죽면
41550400,죽산면
41550410,삼죽면
41550420,고삼면
41570101,북변동
41570102,걸포동
41570103,운양동
41570104,장기동
41570105,감정동
41570106,사우동
41570107,풍무동
41570108,마산동
41570109,구래동
41570250,통진읍
41570253,고촌읍
41570256,양촌읍
41570340,대곶면
41570350,월곶면
41570360,하성면
41590116,진안동
41590117,병점동
41590118,능동
41590119,기산동
41590120,반월동
41590124,기안동
41590125,송산동
41590126,안녕동
41590127,반송동
41590128,석우동
41590129,오산동
41590130,청계동
41590131,영천동
41590132,중동
41590133,신동
41590134,목동
41590135,산척동
41590136,장지동
41590137,송동
41590138,방교동
41590139,금곡동
41590253,봉담읍
41590256,우정읍
41590259,향남읍
41590262,남양읍
41590310,매송면
41590320,비봉면
41590330,마도면
41590340,송산면
41590350,서신면
41590360,팔탄면
41590370,장안면
41590400,양감면
41590410,정남면
41610101,경안동
41610102,쌍령동
41610103,송정동
41610104,회덕동
41610105,탄벌동
41610106,목현동
41610107,삼동
41610108,중대동
41610110,태전동
41610111,장지동
41610112,역동
41610113,목동
41610115,신현동
41610116,능평동
41610117,문형동
41610118,추자동
41610120,양벌동
41610253,초월읍
41610259,곤지암읍
41610330,도척면
41610340,퇴촌면
41610350,남종면
41610370,남한산성면
41630101,유양동
41630103,남방동
41630104,마전동
41630105,산북동
41630106,광사동
41630107,만송동
41630108,삼숭동
41630109,고읍동
41630110,덕정동
41630111,봉양동
41630112,회암동
41630113,율정동
41630114,옥정동
41630115,고암동
41630116,덕계동
41630117,회정동
41630250,백석읍
41630310,은현면
41630320,남면
41630330,광적면
41630340,장흥면
41650101,신읍동
41650102,어룡동
41650103,자작동
41650104,선단동
41650105,설운동
41650250,소흘읍
41650310,군내면
41650320,내촌면
41650330,가산면
41650340,신북면
41650350,창수면
41650360,영중면
41650370,일동면
41650380,이동면
41650390,영북면
41650400,관인면
41650410,화현면
41670101,상동
41670102,홍문동
41670103,창동
41670105,단현동
41670106,신진동
41670107,하동
41670108,교동
41670109,월송동
41670110,가업동
41670111,연라동
41670112,상거동
41670115,점봉동
41670117,멱곡동
41670118,연양동
41670120,천송동
41670121,오학동
41670122,현암동
41670123,오금동
41670250,가남읍
41670310,점동면
41670320,흥천면
41670330,금사면
41670345,세종대왕면
41670350,대신면
41670360,북내면
41670370,강천면
41670380,산북면
41800250,연천읍
41800253,전곡읍
41800310,군남면
41800320,청산면
41800330,백학면
41800340,미산면
41800360,신서면
41800370,중면
41800380,장남면
41820250,가평읍
41820310,설악면
41820325,청평면
41820330,상면
41820345,조종면
41820350,북면
41830250,양평읍
41830310,강상면
41830320,강하면
41830330,양서면
41830340,옥천면
41830350,서종면
41830360,단월면
41830370,청운면
41830380,양동면
41830395,지평면
41830400,용문면
41830410,개군면
43111101,상당구
43111102,상당구
43111103,상당구
43111104,상당구
43111105,상당구
43111107,상당구
43111108,상당구
43111109,상당구
43111110,상당구
43111111,상당구
43111112,상당구
43111117,상당구
43111118,상당구
43111119,상당구
43111120,상당구
43111121,상당구
43111122,상당구
43111124,상당구
43111125,상당구
43111126,상당구
43111129,상당구
43111130,상당구
43111310,상당구
43111320,상당구
43111330,상당구
43111340,상당구
43111350,상당구
43112101,서원구
43112102,서원구
43112103,서원구
43112104,서원구
43112105,서원구
43112106,서원구
43112107,서원구
43112108,서원구
43112109,서원구
43112110,서원구
43112111,서원구
43112310,서원구
43112320,서원구
43113104,흥덕구
43113105,흥덕구
43113113,흥덕구
43113114,흥덕구
43113115,흥덕구
43113116,흥덕구
43113117,흥덕구
43113118,흥덕구
43113119,흥덕구
43113124,흥덕구
43113132,흥덕구
43113133,흥덕구
43113134,흥덕구
43113136,흥덕구
43113138,흥덕구
43113139,흥덕구
43113140,흥덕구
43113250,흥덕구
43113310,흥덕구
43113320,흥덕구
43114101,청원구
43114102,청원구
43114103,청원구
43114104,청원구
43114105,청원구
43114106,청원구
43114107,청원구
43114109,청원구
43114110,청원구
43114111,청원구
43114250,청원구
43114253,청원구
43114310,청원구
43130101,성내동
43130103,성서동
43130104,충인동
43130105,교현동
43130106,용산동
43130107,호암동
43130108,직동
43130109,단월동
43130111,가주동
43130113,용두동
43130114,달천동
43130115,봉방동
43130116,칠금동
43130118,연수동
43130119,목행동
43130120,용탄동
43130121,종민동
43130122,안림동
43130125,지현동
43130127,문화동
43130128,금릉동
43130250,주덕읍
43130310,살미면
43130325,수안보면
43130335,대소원면
43130350,신니면
43130360,노은면
43130370,앙성면
43130385,중앙탑면
43130390,금가면
43130400,동량면
43130410,산척면
43130420,엄정면
43150101,의림동
43150102,서부동
43150103,동현동
43150104,남천동
43150105,교동
43150107,중앙로2가
43150108,명동
43150109,화산동
43150110,영천동
43150111,하소동
43150112,신월동
43150113,청전동
43150114,모산동
43150115,고암동
43150116,장락동
43150118,두학동
43150119,고명동
43150120,신백동
43150121,강제동
43150122,명지동
43150124,왕암동
43150125,천남동
43150250,봉양읍
43150310,금성면
43150320,청풍면
43150330,수산면
43150340,덕산면
43150350,한수면
43150360,백운면
43150380,송학면
43720250,보은읍
43720315,속리산면
43720325,장안면
43720330,마로면
43720340,탄부면
43720350,삼승면
43720360,수한면
43720370,회남면
43720385,회인면
43720390,내북면
43720400,산외면
43730250,옥천읍
43730310,동이면
43730320,안남면
43730330,안내면
43730340,청성면
43730350,청산면
43730360,이원면
43730370,군서면
43730380,군북면
43740250,영동읍
43740310,용산면
43740320,황간면
43740335,추풍령면
43740340,매곡면
43740350,상촌면
43740360,양강면
43740370,용화면
43740380,학산면
43740390,양산면
43740400,심천면
43745250,증평읍
43745310,도안면
43750250,진천읍
43750253,덕산읍
43750320,초평면
43750330,문백면
43750340,백곡면
43750350,이월면
43750370,광혜원면
43760250,괴산읍
43760310,감물면
43760320,장연면
43760330,연풍면
43760340,칠성면
43760350,문광면
43760360,청천면
43760370,청안면
43760390,사리면
43760400,소수면
43760410,불정면
43770250,음성읍
43770253,금왕읍
43770310,소이면
43770320,원남면
43770330,맹동면
43770340,대소면
43770350,삼성면
43770360,생극면
43770370,감곡면
43800250,단양읍
43800253,매포읍
43800310,대강면
43800320,가곡면
43800330,영춘면
43800340,어상천면
43800350,적성면
43800360,단성면
44131101,동남구
44131102,동남구
44131103,동남구
44131104,동남구
44131105,동남구
44131106,동남구
44131107,동남구
44131108,동남구
44131109,동남구
44131110,동남구
44131111,동남구
44131112,동남구
44131113,동남구
44131114,동남구
44131115,동남구
44131116,동남구
44131117,동남구
44131118,동남구
44131119,동남구
44131120,동남구
44131250,동남구
44131310,동남구
44131320,동남구
44131330,동남구
44131340,동남구
44131350,동남구
44131360,동남구
44133101,서북구
44133102,서북구
44133103,서북구
44133104,서북구
44133105,서북구
44133106,서북구
44133107,서북구
44133108,서북구
44133109,서북구
44133110,서북구
44133111,서북구
44133250,서북구
44133253,서북구
44133256,서북구
44133310,서북구
44150101,반죽동
44150102,봉황동
44150103,중학동
44150104,중동
44150105,산성동
44150106,교동
44150107,웅진동
44150108,금성동
44150109,옥룡동
44150110,금학동
44150112,주미동
44150113,태봉동
44150114,오곡동
44150115,신기동
44150116,소학동
44150118,무릉동
44150119,월송동
44150120,신관동
44150121,금흥동
44150124,검상동
44150125,석장리동
44150126,송선동
44150250,유구읍
44150310,이인면
44150320,탄천면
44150330,계룡면
44150340,반포면
44150360,의당면
44150370,정안면
44150380,우성면
44150390,사곡면
44150400,신풍면
44180101,대천동
44180102,죽정동
44180103,화산동
44180104,동대동
44180105,명천동
44180106,궁촌동
44180107,내항동
44180109,요암동
44180110,신흑동
44180250,웅천읍
44180310,주포면
44180320,오천면
44180330,천북면
44180340,청소면
44180350,청라면
44180360,남포면
44180380,주산면
44180390,미산면
44180400,성주면
44180410,주교면
44200101,온천동
44200102,실옥동
44200103,방축동
44200105,초사동
44200107,법곡동
44200108,장존동
44200110,읍내동
44200111,풍기동
44200112,용화동
44200113,모종동
44200114,권곡동
44200115,배미동
44200116,득산동
44200118,신동
44200119,남동
44200250,염치읍
44200253,배방읍
44200310,송악면
44200330,탕정면
44200350,음봉면
44200360,둔포면
44200370,영인면
44200380,인주면
44200390,선장면
44200400,도고면
44200410,신창면
44210101,읍내동
44210102,동문동
44210103,갈산동
44210105,잠홍동
44210106,수석동
44210107,석림동
44210108,석남동
44210109,예천동
44210110,죽성동
44210111,양대동
44210112,오남동
44210250,대산읍
44210310,인지면
44210320,부석면
44210330,팔봉면
44210340,지곡면
44210360,성연면
44210370,음암면
44210380,운산면
44210390,해미면
44210400,고북면
44230101,화지동
44230102,반월동
44230103,대교동
44230104,부창동
44230105,취암동
44230106,등화동
44230107,지산동
44230109,내동
44230110,강산동
44230111,관촉동
44230250,강경읍
44230253,연무읍
44230310,성동면
44230320,광석면
44230330,노성면
44230340,상월면
44230350,부적면
44230360,연산면
44230380,벌곡면
44230390,양촌면
44230400,가야곡면
44230410,은진면
44230420,채운면
44250101,금암동
44250310,두마면
44250315,엄사면
44250330,신도안면
44270101,읍내동
44270102,채운동
44270104,원당동
44270105,시곡동
44270106,수청동
44270107,대덕동
44270108,행정동
44270109,용연동
44270250,합덕읍
44270253,송악읍
44270310,고대면
44270320,석문면
44270330,대호지면
44270340,정미면
44270350,면천면
44270360,순성면
44270370,우강면
44270380,신평면
44270390,송산면
44710250,금산읍
44710310,금성면
44710320,제원면
44710330,부리면
44710340,군북면
44710350,남일면
44710360,남이면
44710370,진산면
44710380,복수면
44710390,추부면
44760250,부여읍
44760310,규암면
44760320,은산면
44760330,외산면
44760340,내산면
44760350,구룡면
44760360,홍산면
44760370,옥산면
44760380,남면
44760390,충화면
44760400,양화면
44760410,임천면
44760420,장암면
44760430,세도면
44760440,석성면
44760450,초촌면
44770250,장항읍
44770253,서천읍
44770310,마서면
44770330,기산면
44770340,한산면
44770350,마산면
44770360,시초면
44770380,판교면
44770390,종천면
44770400,비인면
44770410,서면
44790250,청양읍
44790310,운곡면
44790320,대치면
44790330,정산면
44790340,목면
44790350,청남면
44790360,장평면
44790370,남양면
44790380,화성면
44790390,비봉면
44800250,홍성읍
44800253,광천읍
44800256,홍북읍
44800320,금마면
44800330,홍동면
44800340,장곡면
44800350,은하면
44800360,결성면
44800370,서부면
44800380,갈산면
44800390,구항면
44810250,예산읍
44810253,삽교읍
44810310,대술면
44810320,신양면
44810330,광시면
44810340,대흥면
44810350,응봉면
44810360,덕산면
44810370,봉산면
44810380,고덕면
44810390,신암면
44810400,오가면
44825250,태안읍
44825253,안면읍
44825310,고남면
44825320,남면
44825330,근흥면
44825340,소원면
44825350,원북면
44825360,이원면
46110101,용당동
46110102,산정동
46110103,연산동
46110104,대성동
46110105,양동
46110107,남교동
46110108,호남동
46110109,대안동
46110114,측후동
46110118,동명동
46110127,축복동2가
46110128,축복동3가
46110130,보광동2가
46110131,보광동3가
46110143,해안동2가
46110146,항동
46110154,서산동
46110155,금화동
46110157,죽교동
46110158,상동
46110159,용해동
46110160,석현동
46110161,달동
46110163,대양동
46110164,옥암동
46130101,종화동
46130102,수정동
46130103,공화동
46130104,관문동
46130105,고소동
46130107,중앙동
46130111,연등동
46130112,광무동
46130113,서교동
46130115,봉산동
46130116,남산동
46130117,국동
46130118,신월동
46130119,여서동
46130120,문수동
46130121,오림동
46130122,미평동
46130123,둔덕동
46130124,오천동
46130125,만흥동
46130126,덕충동
46130127,경호동
46130128,학동
46130131,소호동
46130132,시전동
46130133,신기동
46130134,웅천동
46130135,선원동
46130136,여천동
46130137,화장동
46130138,주삼동
46130139,봉계동
46130140,해산동
46130142,월하동
46130143,평여동
46130144,중흥동
46130147,묘도동
46130150,상암동
46130250,돌산읍
46130310,소라면
46130320,율촌면
46130330,화양면
46130340,남면
46130350,화정면
46130360,삼산면
46150103,영동
46150106,금곡동
46150107,매곡동
46150108,석현동
46150109,가곡동
46150110,용당동
46150111,조곡동
46150113,덕암동
46150114,연향동
46150115,풍덕동
46150116,남정동
46150117,인제동
46150118,저전동
46150119,장천동
46150122,동외동
46150123,교량동
46150124,대룡동
46150125,홍내동
46150126,오천동
46150127,덕월동
46150128,야흥동
46150131,대대동
46150132,왕지동
46150133,조례동
46150250,승주읍
46150310,해룡면
46150320,서면
46150330,황전면
46150340,월등면
46150350,주암면
46150360,송광면
46150370,외서면
46150380,낙안면
46150390,별량면
46150400,상사면
46170101,토계동
46170102,송월동
46170103,안창동
46170104,삼영동
46170107,산정동
46170108,경현동
46170110,금계동
46170111,금성동
46170112,남내동
46170114,성북동
46170116,대호동
46170118,석현동
46170119,청동
46170120,남외동
46170121,죽림동
46170122,삼도동
46170123,영산동
46170124,용산동
46170128,이창동
46170130,운곡동
46170131,동수동
46170134,빛가람동
46170250,남평읍
46170310,세지면
46170320,왕곡면
46170330,반남면
46170340,공산면
46170350,동강면
46170360,다시면
46170370,문평면
46170380,노안면
46170390,금천면
46170400,산포면
46170420,다도면
46170430,봉황면
46230101,황금동
46230102,황길동
46230104,성황동
46230106,중동
46230107,마동
46230108,광영동
46230109,태인동
46230110,금호동
46230250,광양읍
46230310,봉강면
46230320,옥룡면
46230330,옥곡면
46230340,진상면
46230350,진월면
46710250,담양읍
46710310,봉산면
46710320,고서면
46710335,가사문학면
46710340,창평면
46710350,대덕면
46710360,무정면
46710370,금성면
46710380,용면
46710390,월산면
46710400,수북면
46710410,대전면
46720250,곡성읍
46720310,오곡면
46720330,석곡면
46720340,목사동면
46720350,죽곡면
46720360,고달면
46720370,옥과면
46720380,입면
46720390,겸면
46720400,오산면
46730250,구례읍
46730310,문척면
46730320,간전면
46730330,토지면
46730340,마산면
46730350,광의면
46730360,용방면
46730370,산동면
46770250,고흥읍
46770253,도양읍
46770310,풍양면
46770320,도덕면
46770330,금산면
46770340,도화면
46770350,포두면
46770360,봉래면
46770370,점암면
46770380,과역면
46770390,남양면
46770400,동강면
46770410,대서면
46770420,두원면
46770440,영남면
46770450,동일면
46780250,보성읍
46780253,벌교읍
46780320,미력면
46780330,겸백면
46780340,율어면
46780350,복내면
46780360,문덕면
46780370,조성면
46780380,득량면
46780390,회천면
46780400,웅치면
46790250,화순읍
46790310,한천면
46790320,춘양면
46790330,청풍면
46790340,이양면
46790350,능주면
46790360,도곡면
46790370,도암면
46790380,이서면
46790395,백아면
46790400,동복면
46790415,사평면
46790420,동면
46800250,장흥읍
46800253,관산읍
46800256,대덕읍
46800310,용산면
46800320,안양면
46800330,장동면
46800340,장평면
46800350,유치면
46800360,부산면
46800370,회진면
46810250,강진읍
46810310,군동면
46810320,칠량면
46810330,대구면
46810340,도암면
46810350,신전면
46810360,성전면
46810380,병영면
46810400,마량면
46820250,해남읍
46820310,삼산면
46820320,화산면
46820330,현산면
46820340,송지면
46820350,북평면
46820360,북일면
46820370,옥천면
46820380,계곡면
46820390,마산면
46820400,황산면
46820410,산이면
46820420,문내면
46820430,화원면
46830250,영암읍
46830253,삼호읍
46830310,덕진면
46830320,금정면
46830330,신북면
46830340,시종면
46830360,군서면
46830380,학산면
46830390,미암면
46840250,무안읍
46840253,일로읍
46840256,삼향읍
46840320,몽탄면
46840330,청계면
46840340,현경면
46840350,망운면
46840360,해제면
46840370,운남면
46860250,함평읍
46860310,손불면
46860320,신광면
46860330,학교면
46860340,엄다면
46860350,대동면
46860360,나산면
46860370,해보면
46860380,월야면
46870250,영광읍
46870253,백수읍
46870256,홍농읍
46870310,대마면
46870320,묘량면
46870330,불갑면
46870340,군서면
46870350,군남면
46870360,염산면
46870370,법성면
46880250,장성읍
46880310,진원면
46880320,남면
46880330,동화면
46880340,삼서면
46880350,삼계면
46880360,황룡면
46880370,서삼면
46880380,북일면
46880390,북이면
46880400,북하면
46890250,완도읍
46890253,금일읍
46890256,노화읍
46890310,군외면
46890320,신지면
46890330,고금면
46890340,약산면
46890350,청산면
46890360,소안면
46890370,금당면
46890380,보길면
46890390,생일면
46900250,진도읍
46900310,군내면
46900320,고군면
46900330,의신면
46900340,임회면
46900350,지산면
46900360,조도면
46910250,지도읍
46910253,압해읍
46910310,증도면
46910320,임자면
46910330,자은면
46910340,비금면
46910350,도초면
46910360,흑산면
46910370,하의면
46910380,신의면
46910390,장산면
46910400,안좌면
46910410,팔금면
46910420,암태면
47111101,남구
47111102,남구
47111103,남구
47111104,남구
47111105,남구
47111106,남구
47111108,남구
47111109,남구
47111110,남구
47111111,남구
47111112,남구
47111113,남구
47111114,남구
47111115,남구
47111116,남구
47111117,남구
47111250,남구
47111253,남구
47111256,남구
47111310,남구
47111320,남구
47111330,남구
47111350,남구
47113102,북구
47113104,북구
47113105,북구
47113107,북구
47113108,북구
47113109,북구
47113110,북구
47113111,북구
47113112,북구
47113113,북구
47113114,북구
47113115,북구
47113116,북구
47113117,북구
47113118,북구
47113119,북구
47113120,북구
47113121,북구
47113122,북구
47113123,북구
47113250,북구
47113310,북구
47113320,북구
47113330,북구
47113340,북구
47113350,북구
47113360,북구
47130103,북부동
47130104,성동동
47130105,황오동
47130106,노동동
47130107,노서동
47130108,성건동
47130109,사정동
47130110,황남동
47130111,교동
47130112,인왕동
47130113,탑동
47130114,충효동
47130115,서악동
47130116,효현동
47130118,동방동
47130119,도지동
47130120,남산동
47130123,보문동
47130124,황성동
47130125,용강동
47130126,동천동
47130130,시래동
47130131,구정동
47130132,마동
47130133,하동
47130134,진현동
47130135,천군동
47130136,신평동
47130140,북군동
47130142,율동
47130144,석장동
47130250,감포읍
47130253,안강읍
47130256,건천읍
47130259,외동읍
47130315,문무대왕면
47130320,양남면
47130330,내남면
47130340,산내면
47130350,서면
47130360,현곡면
47130370,강동면
47130380,천북면
47150101,감호동
47150102,용두동
47150103,모암동
47150104,성내동
47150105,평화동
47150106,남산동
47150107,황금동
47150108,신음동
47150109,교동
47150110,삼락동
47150113,백옥동
47150114,부곡동
47150115,지좌동
47150116,덕곡동
47150117,대광동
47150118,응명동
47150119,양천동
47150120,율곡동
47150250,아포읍
47150310,농소면
47150320,남면
47150340,개령면
47150350,감문면
47150360,어모면
47150370,봉산면
47150380,대항면
47150410,구성면
47150420,지례면
47150430,부항면
47170103,북문동
47170104,명륜동
47170109,법흥동
47170110,용상동
47170111,동문동
47170112,동부동
47170113,운흥동
47170114,천리동
47170115,남부동
47170116,남문동
47170119,옥야동
47170120,광석동
47170121,당북동
47170122,태화동
47170124,목성동
47170126,금곡동
47170127,평화동
47170128,안기동
47170130,성곡동
47170131,상아동
47170132,안막동
47170133,옥동
47170134,이천동
47170136,송현동
47170137,송천동
47170138,석동동
47170139,정상동
47170140,정하동
47170141,수상동
47170142,수하동
47170250,풍산읍
47170310,와룡면
47170320,북후면
47170330,서후면
47170340,풍천면
47170350,일직면
47170360,남후면
47170370,남선면
47170380,임하면
47170390,길안면
47170400,임동면
47170410,예안면
47170420,도산면
47170430,녹전면
47190101,원평동
47190102,지산동
47190103,도량동
47190104,봉곡동
47190105,부곡동
47190106,선기동
47190108,남통동
47190109,형곡동
47190110,송정동
47190111,신평동
47190112,비산동
47190113,공단동
47190114,광평동
47190115,사곡동
47190116,상모동
47190117,임은동
47190118,오태동
47190119,신동
47190120,구평동
47190121,황상동
47190122,인의동
47190123,진평동
47190124,시미동
47190125,임수동
47190126,양호동
47190127,거의동
47190128,옥계동
47190129,구포동
47190130,금전동
47190250,선산읍
47190253,고아읍
47190256,산동읍
47190320,옥성면
47190330,도개면
47190340,해평면
47190360,장천면
47210101,영주동
47210102,상망동
47210103,하망동
47210104,휴천동
47210105,가흥동
47210106,문정동
47210109,상줄동
47210111,조암동
47210112,적서동
47210113,아지동
47210250,풍기읍
47210310,이산면
47210320,평은면
47210330,문수면
47210340,장수면
47210350,안정면
47210360,봉현면
47210370,순흥면
47210380,단산면
47210390,부석면
47230101,조교동
47230102,망정동
47230103,야사동
47230104,문내동
47230105,문외동
47230106,창구동
47230107,교촌동
47230108,과전동
47230109,성내동
47230110,화룡동
47230111,도동
47230112,금노동
47230113,완산동
47230116,봉동
47230118,채신동
47230121,녹전동
47230123,오미동
47230124,오수동
47230126,도남동
47230129,신기동
47230250,금호읍
47230310,청통면
47230320,신녕면
47230330,화산면
47230340,화북면
47230350,화남면
47230360,자양면
47230370,임고면
47230380,고경면
47230390,북안면
47230400,대창면
47250101,성하동
47250102,성동동
47250104,복룡동
47250105,냉림동
47250106,서성동
47250107,남성동
47250108,서문동
47250109,무양동
47250110,낙양동
47250111,개운동
47250112,신봉동
47250113,가장동
47250121,화개동
47250122,외답동
47250123,헌신동
47250125,도남동
47250128,초산동
47250130,계산동
47250132,죽전동
47250133,만산동
47250134,연원동
47250135,남장동
47250250,함창읍
47250310,중동면
47250325,사벌국면
47250330,낙동면
47250340,청리면
47250350,공성면
47250360,외남면
47250370,내서면
47250380,모동면
47250390,모서면
47250410,화서면
47250420,화북면
47250440,은척면
47250450,공검면
47250460,이안면
47250470,화남면
47280101,점촌동
47280103,흥덕동
47280106,신기동
47280108,유곡동
47280109,공평동
47280110,모전동
47280250,문경읍
47280253,가은읍
47280310,영순면
47280320,산양면
47280330,호계면
47280340,산북면
47280350,동로면
47280360,마성면
47280370,농암면
47290102,삼북동
47290103,서상동
47290104,신교동
47290105,상방동
47290106,백천동
47290107,옥곡동
47290108,사정동
47290109,옥산동
47290110,중산동
47290111,정평동
47290112,대평동
47290114,임당동
47290115,대동
47290116,계양동
47290117,중방동
47290118,조영동
47290121,여천동
47290122,유곡동
47290125,평산동
47290126,사동
47290127,삼풍동
47290128,갑제동
47290250,하양읍
47290253,진량읍
47290256,압량읍
47290310,와촌면
47290330,자인면
47290340,용성면
47290350,남산면
47290370,남천면
47730250,의성읍
47730310,단촌면
47730320,점곡면
47730330,옥산면
47730340,사곡면
47730360,가음면
47730370,금성면
47730380,봉양면
47730390,비안면
47730410,단밀면
47730420,단북면
47730430,안계면
47730440,다인면
47730450,신평면
47730470,안사면
47750250,청송읍
47750315,주왕산면
47750320,부남면
47750330,현동면
47750340,현서면
47750350,안덕면
47750360,파천면
47750370,진보면
47760250,영양읍
47760310,입암면
47760330,일월면
47760340,수비면
47760350,석보면
47770250,영덕읍
47770310,강구면
47770320,남정면
47770330,달산면
47770340,지품면
47770350,축산면
47770360,영해면
47770370,병곡면
47770380,창수면
47820250,화양읍
47820253,청도읍
47820310,각남면
47820320,풍각면
47820330,각북면
47820340,이서면
47820350,운문면
47820360,금천면
47820370,매전면
47830253,대가야읍
47830310,덕곡면
47830320,운수면
47830330,성산면
47830340,다산면
47830350,개진면
47830360,우곡면
47830370,쌍림면
47840250,성주읍
47840310,선남면
47840320,용암면
47840330,수륜면
47840340,가천면
47840350,금수면
47840360,대가면
47840370,벽진면
47840380,초전면
47840390,월항면
47850250,왜관읍
47850253,북삼읍
47850256,석적읍
47850310,지천면
47850320,동명면
47850330,가산면
47850360,약목면
47850370,기산면
47900250,예천읍
47900253,호명읍
47900310,용문면
47900340,감천면
47900350,보문면
47900370,유천면
47900380,용궁면
47900390,개포면
47900400,지보면
47900410,풍양면
47900420,효자면
47900430,은풍면
47920250,봉화읍
47920320,봉성면
47920330,법전면
47920340,춘양면
47920350,소천면
47920370,명호면
47920380,상운면
47920390,석포면
47930250,울진읍
47930253,평해읍
47930310,북면
47930330,근남면
47930350,기성면
47930360,온정면
47930370,죽변면
47930380,후포면
47930390,금강송면
47930400,매화면
47940250,울릉읍
47940310,서면
47940320,북면
48121102,의창구
48121103,의창구
48121104,의창구
48121105,의창구
48121106,의창구
48121107,의창구
48121108,의창구
48121116,의창구
48121117,의창구
48121119,의창구
48121124,의창구
48121125,의창구
48121127,의창구
48121129,의창구
48121250,의창구
48121310,의창구
48121320,의창구
48123101,성산구
48123102,성산구
48123103,성산구
48123104,성산구
48123105,성산구
48123106,성산구
48123108,성산구
48123110,성산구
48123113,성산구
48123120,성산구
48123121,성산구
48123123,성산구
48123124,성산구
48123125,성산구
48123126,성산구
48123127,성산구
48123128,성산구
48123129,성산구
48123130,성산구
48123131,성산구
48123133,성산구
48123135,성산구
48123136,성산구
48123137,성산구
48123138,성산구
48123139,성산구
48125101,마산합포구
48125102,마산합포구
48125103,마산합포구
48125110,마산합포구
48125111,마산합포구
48125113,마산합포구
48125117,마산합포구
48125118,마산합포구
48125119,마산합포구
48125122,마산합포구
48125125,마산합포구
48125126,마산합포구
48125128,마산합포구
48125133,마산합포구
48125134,마산합포구
48125135,마산합포구
48125137,마산합포구
48125138,마산합포구
48125140,마산합포구
48125144,마산합포구
48125148,마산합포구
48125149,마산합포구
48125152,마산합포구
48125153,마산합포구
48125158,마산합포구
48125159,마산합포구
48125310,마산합포구
48125320,마산합포구
48125330,마산합포구
48125340,마산합포구
48127101,마산회원구
48127102,마산회원구
48127103,마산회원구
48127104,마산회원구
48127105,마산회원구
48127106,마산회원구
48127107,마산회원구
48127108,마산회원구
48127250,마산회원구
48129105,진해구
48129107,진해구
48129110,진해구
48129115,진해구
48129116,진해구
48129124,진해구
48129132,진해구
48129137,진해구
48129138,진해구
48129139,진해구
48129140,진해구
48129141,진해구
48129142,진해구
48129143,진해구
48129144,진해구
48129145,진해구
48129148,진해구
48129150,진해구
48129151,진해구
48129154,진해구
48129155,진해구
48129157,진해구
48129158,진해구
48129159,진해구
48129161,진해구
48129162,진해구
48129164,진해구
48129165,진해구
48170101,망경동
48170102,주약동
48170103,강남동
48170104,칠암동
48170105,본성동
48170106,동성동
48170107,남성동
48170108,인사동
48170110,평안동
48170111,중안동
48170112,계동
48170113,봉곡동
48170114,상봉동
48170115,봉래동
48170117,장대동
48170118,옥봉동
48170119,상대동
48170120,하대동
48170121,상평동
48170122,초전동
48170123,장재동
48170124,하촌동
48170125,신안동
48170126,평거동
48170127,이현동
48170128,유곡동
48170131,가좌동
48170132,호탄동
48170137,충무공동
48170250,문산읍
48170310,내동면
48170320,정촌면
48170330,금곡면
48170350,진성면
48170360,일반성면
48170370,이반성면
48170390,지수면
48170400,대곡면
48170410,금산면
48170420,집현면
48170440,명석면
48170450,대평면
48170460,수곡면
48220101,도천동
48220102,서호동
48220103,명정동
48220104,항남동
48220106,문화동
48220108,동호동
48220109,정량동
48220110,북신동
48220111,무전동
48220112,평림동
48220113,인평동
48220115,미수동
48220116,봉평동
48220117,도남동
48220250,산양읍
48220310,용남면
48220330,도산면
48220340,광도면
48220350,욕지면
48220360,한산면
48220370,사량면
48240104,동금동
48240105,서금동
48240106,동림동
48240107,좌룡동
48240108,벌리동
48240109,용강동
48240111,봉남동
48240112,이금동
48240116,향촌동
48240117,대방동
48240118,실안동
48240122,백천동
48240123,신벽동
48240124,노룡동
48240126,송포동
48240127,죽림동
48240250,사천읍
48240310,정동면
48240320,사남면
48240330,용현면
48240340,축동면
48240350,곤양면
48240360,곤명면
48240370,서포면
48250101,동상동
48250102,서상동
48250103,부원동
48250104,봉황동
48250105,대성동
48250106,구산동
48250107,삼계동
48250108,내동
48250109,외동
48250111,풍유동
48250112,명법동
48250114,화목동
48250115,전하동
48250116,강동
48250117,삼정동
48250118,어방동
48250119,삼방동
48250120,안동
48250121,지내동
48250122,불암동
48250124,내덕동
48250125,부곡동
48250126,무계동
48250127,신문동
48250128,삼문동
48250129,대청동
48250130,관동동
48250131,율하동
48250132,장유동
48250250,진영읍
48250320,주촌면
48250330,진례면
48250340,한림면
48250350,생림면
48250360,상동면
48250370,대동면
48270101,내일동
48270102,내이동
48270103,교동
48270104,삼문동
48270106,용평동
48270107,활성동
48270108,가곡동
48270250,삼랑진읍
48270253,하남읍
48270310,부북면
48270320,상동면
48270330,산외면
48270340,산내면
48270350,단장면
48270360,상남면
48270370,초동면
48270380,무안면
48270390,청도면
48310101,능포동
48310102,장승포동
48310105,아주동
48310106,옥포동
48310107,덕포동
48310108,장평동
48310109,고현동
48310110,상동동
48310111,문동동
48310113,양정동
48310114,수월동
48310310,일운면
48310320,동부면
48310330,남부면
48310340,거제면
48310350,둔덕면
48310360,사등면
48310370,연초면
48310380,하청면
48310390,장목면
48330101,다방동
48330102,남부동
48330103,중부동
48330104,북부동
48330105,명곡동
48330106,신기동
48330107,북정동
48330108,산막동
48330109,호계동
48330111,유산동
48330112,어곡동
48330113,용당동
48330114,삼호동
48330115,명동
48330116,주남동
48330117,소주동
48330118,주진동
48330119,평산동
48330120,덕계동
48330121,매곡동
48330253,물금읍
48330310,동면
48330320,원동면
48330330,상북면
48330340,하북면
48720250,의령읍
48720310,가례면
48720320,칠곡면
48720330,대의면
48720340,화정면
48720350,용덕면
48720360,정곡면
48720370,지정면
48720380,낙서면
48720390,부림면
48720400,봉수면
48720415,궁류면
48720420,유곡면
48730250,가야읍
48730253,칠원읍
48730310,함안면
48730320,군북면
48730330,법수면
48730340,대산면
48730350,칠서면
48730360,칠북면
48730380,산인면
48730390,여항면
48740250,창녕읍
48740253,남지읍
48740310,고암면
48740320,성산면
48740330,대합면
48740340,이방면
48740350,유어면
48740360,대지면
48740370,계성면
48740380,영산면
48740390,장마면
48740400,도천면
48740410,길곡면
48740420,부곡면
48820250,고성읍
48820310,삼산면
48820320,하일면
48820330,하이면
48820340,상리면
48820350,대가면
48820360,영현면
48820370,영오면
48820380,개천면
48820390,구만면
48820400,회화면
48820410,마암면
48820420,동해면
48820430,거류면
48840250,남해읍
48840310,이동면
48840320,상주면
48840330,삼동면
48840340,미조면
48840350,남면
48840360,서면
48840370,고현면
48840380,설천면
48840390,창선면
48850250,하동읍
48850310,화개면
48850320,악양면
48850330,적량면
48850340,횡천면
48850350,고전면
48850360,금남면
48850370,진교면
48850380,양보면
48850390,북천면
48850400,청암면
48850410,옥종면
48850420,금성면
48860250,산청읍
48860310,차황면
48860330,생초면
48860340,금서면
48860350,삼장면
48860360,시천면
48860370,단성면
48860380,신안면
48860390,생비량면
48860400,신등면
48870250,함양읍
48870310,마천면
48870320,휴천면
48870340,수동면
48870350,지곡면
48870360,안의면
48870370,서하면
48870380,서상면
48870390,백전면
48870400,병곡면
48880250,거창읍
48880310,주상면
48880320,웅양면
48880340,북상면
48880350,위천면
48880360,마리면
48880370,남상면
48880380,남하면
48880390,신원면
48880400,가조면
48890250,합천읍
48890310,봉산면
48890320,묘산면
48890330,가야면
48890340,야로면
48890350,율곡면
48890360,초계면
48890370,쌍책면
48890380,덕곡면
48890390,청덕면
48890400,적중면
48890410,대양면
48890420,쌍백면
48890430,삼가면
48890440,가회면
48890450,대병면
48890460,용주면
50110101,일도일동
50110102,일도이동
50110103,이도일동
50110104,이도이동
50110105,삼도일동
50110106,삼도이동
50110107,건입동
50110108,용담일동
50110109,용담이동
50110110,용담삼동
50110111,화북일동
50110112,화북이동
50110113,삼양일동
50110114,삼양이동
50110116,봉개동
50110117,아라일동
50110118,아라이동
50110119,오라일동
50110120,오라이동
50110121,오라삼동
50110122,노형동
50110123,외도일동
50110124,외도이동
50110125,이호일동
50110126,이호이동
50110127,도두일동
50110128,도두이동
50110129,도남동
50110130,도련일동
50110131,도련이동
50110132,용강동
50110133,회천동
50110134,오등동
50110135,월평동
50110136,영평동
50110137,연동
50110138,도평동
50110139,해안동
50110140,내도동
50110250,한림읍
50110253,애월읍
50110256,구좌읍
50110259,조천읍
50110310,한경면
50110320,추자면
50110330,우도면
50130101,서귀동
50130102,법환동
50130103,서호동
50130104,호근동
50130105,동홍동
50130106,서홍동
50130107,상효동
50130108,하효동
50130109,신효동
50130110,보목동
50130111,토평동
50130112,중문동
50130113,회수동
50130114,대포동
50130115,월평동
50130116,강정동
50130117,도순동
50130118,하원동
50130119,색달동
50130120,상예동
50130121,하예동
50130122,영남동
50130250,대정읍
50130253,남원읍
50130259,성산읍
50130310,안덕면
50130320,표선면
51110101,봉의동
51110102,요선동
51110103,낙원동
51110106,중앙로3가
51110107,옥천동
51110108,조양동
51110109,죽림동
51110110,운교동
51110112,효자동
51110113,소양로1가
51110114,소양로2가
51110115,소양로3가
51110117,근화동
51110118,우두동
51110119,사농동
51110120,후평동
51110121,온의동
51110122,교동
51110123,퇴계동
51110124,석사동
51110125,삼천동
51110126,칠전동
51110127,송암동
51110128,신동
51110129,중도동
51110250,신북읍
51110310,동면
51110320,동산면
51110330,신동면
51110340,남면
51110350,서면
51110360,사북면
51110380,북산면
51110390,동내면
51110400,남산면
51130102,평원동
51130103,원동
51130104,인동
51130105,개운동
51130106,명륜동
51130107,단구동
51130108,일산동
51130109,학성동
51130110,단계동
51130111,우산동
51130112,태장동
51130113,봉산동
51130114,행구동
51130115,무실동
51130116,관설동
51130117,반곡동
51130250,문막읍
51130310,소초면
51130320,호저면
51130330,지정면
51130350,부론면
51130360,귀래면
51130370,흥업면
51130380,판부면
51130390,신림면
51150101,홍제동
51150102,남문동
51150103,명주동
51150105,임당동
51150107,용강동
51150108,성남동
51150109,옥천동
51150110,교동
51150111,포남동
51150112,초당동
51150113,강문동
51150114,송정동
51150115,견소동
51150116,내곡동
51150117,회산동
51150119,박월동
51150121,노암동
51150122,유산동
51150124,신석동
51150125,입암동
51150127,두산동
51150129,병산동
51150130,남항진동
51150131,유천동
51150132,지변동
51150133,죽헌동
51150134,대전동
51150135,운정동
51150136,난곡동
51150137,저동
51150138,안현동
51150250,주문진읍
51150310,성산면
51150320,왕산면
51150330,구정면
51150340,강동면
51150350,옥계면
51150360,사천면
51150370,연곡면
51170101,천곡동
51170102,평릉동
51170103,송정동
51170104,용정동
51170105,지흥동
51170106,효가동
51170107,동회동
51170108,나안동
51170109,쇄운동
51170110,부곡동
51170111,발한동
51170112,북평동
51170113,구미동
51170114,추암동
51170115,구호동
51170116,단봉동
51170117,지가동
51170118,이도동
51170123,묵호진동
51170124,삼화동
51170126,이로동
51170128,대진동
51170129,망상동
51190101,황지동
51190102,장성동
51190104,철암동
51190105,문곡동
51190106,동점동
51190107,소도동
51190108,혈동
51190109,화전동
51190112,통동
51210101,영랑동
51210102,동명동
51210103,중앙동
51210104,금호동
51210105,청학동
51210106,교동
51210107,노학동
51210108,조양동
51210109,청호동
51210110,대포동
51210111,도문동
51210112,설악동
51210113,장사동
51230101,성내동
51230103,읍상동
51230105,당저동
51230106,교동
51230107,갈천동
51230108,증산동
51230109,우지동
51230110,마달동
51230111,자원동
51230113,등봉동
51230117,건지동
51230118,원당동
51230119,성남동
51230120,남양동
51230121,사직동
51230122,오분동
51230123,적노동
51230125,정상동
51230126,정하동
51230250,도계읍
51230253,원덕읍
51230310,근덕면
51230320,하장면
51230330,노곡면
51230340,미로면
51230350,가곡면
51230360,신기면
51720250,홍천읍
51720310,화촌면
51720320,두촌면
51720330,내촌면
51720340,서석면
51720352,영귀미면
51720360,남면
51720370,서면
51720380,북방면
51720390,내면
51730250,횡성읍
51730310,우천면
51730320,안흥면
51730330,둔내면
51730340,갑천면
51730350,청일면
51730360,공근면
51730370,서원면
51730380,강림면
51750250,영월읍
51750253,상동읍
51750312,산솔면
51750325,김삿갓면
51750330,북면
51750340,남면
51750355,한반도면
51750360,주천면
51750380,무릉도원면
51760250,평창읍
51760310,미탄면
51760320,방림면
51760330,-
51760340,봉평면
51760350,용평면
51760360,진부면
51760380,대관령면
51770250,정선읍
51770253,고한읍
51770256,사북읍
51770259,신동읍
51770320,남면
51770340,북평면
51770350,임계면
51770360,화암면
51770370,여량면
51780250,철원읍
51780253,김화읍
51780256,갈말읍
51780259,동송읍
51780310,서면
51780320,근남면
51790250,화천읍
51790310,간동면
51790320,하남면
51790330,상서면
51790340,사내면
51800250,양구읍
51800315,국토정중앙면
51800320,동면
51800330,방산면
51800340,해안면
51810250,인제읍
51810310,남면
51810320,북면
51810330,기린면
51810340,서화면
51810350,상남면
51820250,간성읍
51820253,거진읍
51820310,현내면
51820320,죽왕면
51820330,토성면
51830250,양양읍
51830310,서면
51830320,손양면
51830330,현북면
51830340,현남면
51830350,강현면
52111104,완산구
52111105,완산구
52111107,완산구
52111109,완산구
52111110,완산구
52111117,완산구
52111118,완산구
52111119,완산구
52111120,완산구
52111121,완산구
52111124,완산구
52111125,완산구
52111126,완산구
52111127,완산구
52111128,완산구
52111129,완산구
52111130,완산구
52111131,완산구
52111132,완산구
52111133,완산구
52111135,완산구
52111136,완산구
52111137,완산구
52111138,완산구
52111140,완산구
52111141,완산구
52111142,완산구
52111143,완산구
52111144,완산구
52111145,완산구
52111147,완산구
52113102,덕진구
52113103,덕진구
52113104,덕진구
52113105,덕진구
52113106,덕진구
52113107,덕진구
52113108,덕진구
52113109,덕진구
52113110,덕진구
52113111,덕진구
52113114,덕진구
52113115,덕진구
52113116,덕진구
52113117,덕진구
52113119,덕진구
52113121,덕진구
52113122,덕진구
52113123,덕진구
52113125,덕진구
52113130,덕진구
52113131,덕진구
52113132,덕진구
52113133,덕진구
52113138,덕진구
52113139,덕진구
52130101,해망동
52130102,신흥동
52130103,금동
52130104,월명동
52130106,오룡동
52130108,신풍동
52130109,송풍동
52130110,문화동
52130111,삼학동
52130113,둔율동
52130115,명산동
52130117,개복동
52130118,중앙로1가
52130119,영화동
52130120,장미동
52130121,중앙로2가
52130123,신영동
52130124,죽성동
52130127,대명동
52130128,장재동
52130129,미원동
52130131,금암동
52130133,서흥남동
52130134,조촌동
52130135,경장동
52130136,경암동
52130137,구암동
52130138,내흥동
52130139,개정동
52130140,사정동
52130141,수송동
52130142,미장동
52130143,지곡동
52130144,나운동
52130145,미룡동
52130146,소룡동
52130147,오식도동
52130148,비응도동
52130151,산북동
52130152,내초동
52130250,옥구읍
52130310,옥산면
52130320,회현면
52130330,임피면
52130340,서수면
52130350,대야면
52130360,개정면
52130370,성산면
52130380,나포면
52130390,옥도면
52130400,옥서면
52140101,창인동1가
52140102,창인동2가
52140106,평화동
52140107,갈산동
52140108,주현동
52140109,인화동1가
52140110,인화동2가
52140111,동산동
52140112,마동
52140113,남중동
52140114,모현동1가
52140115,모현동2가
52140116,송학동
52140117,목천동
52140118,만석동
52140119,현영동
52140120,신용동
52140121,신동
52140122,영등동
52140123,어양동
52140124,신흥동
52140125,금강동
52140127,팔봉동
52140129,석왕동
52140133,월성동
52140134,부송동
52140136,석암동
52140250,함열읍
52140310,오산면
52140320,황등면
52140330,함라면
52140340,웅포면
52140350,성당면
52140360,용안면
52140370,낭산면
52140380,망성면
52140390,여산면
52140400,금마면
52140410,왕궁면
52140420,춘포면
52140430,삼기면
52140440,용동면
52180101,수성동
52180102,장명동
52180103,상동
52180104,시기동
52180105,연지동
52180106,농소동
52180107,하모동
52180108,상평동
52180109,과교동
52180112,금붕동
52180113,송산동
52180117,부전동
52180118,쌍암동
52180119,내장동
52180121,하북동
52180122,구룡동
52180124,용계동
52180125,공평동
52180126,망제동
52180127,신정동
52180250,신태인읍
52180310,북면
52180320,입암면
52180330,소성면
52180340,고부면
52180350,영원면
52180360,덕천면
52180370,이평면
52180380,정우면
52180390,태인면
52180400,감곡면
52180410,옹동면
52180420,칠보면
52180430,산내면
52180440,산외면
52190101,동충동
52190102,하정동
52190103,죽항동
52190106,금동
52190107,조산동
52190108,왕정동
52190109,신정동
52190110,화정동
52190111,향교동
52190112,용정동
52190113,광치동
52190115,산곡동
52190116,도통동
52190117,월락동
52190118,고죽동
52190121,노암동
52190122,어현동
52190250,운봉읍
52190310,주천면
52190320,수지면
52190330,-
52190340,주생면
52190350,금지면
52190360,대강면
52190370,대산면
52190380,사매면
52190390,덕과면
52190400,보절면
52190410,산동면
52190420,이백면
52190450,아영면
52190460,산내면
52190470,인월면
52210101,요촌동
52210102,신풍동
52210104,검산동
52210105,순동
52210106,백학동
52210107,서암동
52210109,교동
52210110,옥산동
52210111,갈공동
52210112,하동
52210116,황산동
52210117,난봉동
52210125,연정동
52210250,만경읍
52210320,죽산면
52210330,백산면
52210340,용지면
52210350,백구면
52210360,부량면
52210380,공덕면
52210390,청하면
52210400,성덕면
52210410,진봉면
52210420,금구면
52210430,봉남면
52210440,황산면
52210450,금산면
52210460,광활면
52710250,삼례읍
52710253,봉동읍
52710256,용진읍
52710320,상관면
52710330,이서면
52710340,소양면
52710350,구이면
52710360,고산면
52710370,비봉면
52710380,운주면
52710390,화산면
52710400,동상면
52710410,경천면
52720250,진안읍
52720310,용담면
52720320,안천면
52720330,동향면
52720340,상전면
52720350,백운면
52720360,성수면
52720370,마령면
52720380,부귀면
52720390,정천면
52720400,주천면
52730250,무주읍
52730310,무풍면
52730320,설천면
52730340,안성면
52730350,부남면
52740250,장수읍
52740310,산서면
52740320,번암면
52740335,장계면
52740340,천천면
52740350,계남면
52740360,계북면
52750250,임실읍
52750310,청웅면
52750320,운암면
52750330,신평면
52750340,성수면
52750355,오수면
52750360,신덕면
52750370,삼계면
52750380,관촌면
52750390,강진면
52750400,덕치면
52750410,지사면
52770250,순창읍
52770310,인계면
52770320,동계면
52770330,풍산면
52770340,금과면
52770350,팔덕면
52770360,쌍치면
52770370,복흥면
52770380,적성면
52770390,유등면
52770400,구림면
52790250,고창읍
52790310,고수면
52790320,아산면
52790330,무장면
52790340,공음면
52790350,상하면
52790360,해리면
52790370,성송면
52790380,대산면
52790390,심원면
52790400,흥덕면
52790410,성내면
52790420,신림면
52790430,부안면
52800250,부안읍
52800310,주산면
52800320,동진면
52800330,행안면
52800340,계화면
52800350,보안면
52800360,변산면
52800370,진서면
52800380,백산면
52800390,상서면
52800400,하서면
52800410,줄포면
52800420,위도면
